insert into alumno (id, nombre, apellidos, email, fecha_nacimiento) values (1,'Manuel', 'Molina', 'erlolo@gmail.com','2000-01-01');
insert into alumno (id, nombre, apellidos, email, fecha_nacimiento) values (2,'Roberto', 'Rebolledo', 'errobe@gmail.com','2000-01-01');
insert into asignatura (id, nombre, horas, descripcion) values (1,'AD',80,'Uf que tostón');
insert into asignatura (id, nombre, horas, descripcion) values (2,'PSP',63,'Otro tostón unido al anterior');
insert into alumno_asignaturas (alumno_id, asignaturas_id) values (1,1);
insert into alumno_asignaturas (alumno_id, asignaturas_id) values (1,2);
insert into alumno_asignaturas (alumno_id, asignaturas_id) values (2,1);
insert into alumno_asignaturas (alumno_id, asignaturas_id) values (2,2);

insert into alumno (id, nombre, apellidos, email, fecha_nacimiento) values (3, 'Arlen', 'Gonsalo', 'agonsalo2@histats.com', '1943-02-10');
insert into alumno (id, nombre, apellidos, email, fecha_nacimiento) values (4, 'Rurik', 'Nottingham', 'rnottingham3@jimdo.com', '1916-11-15');
insert into alumno (id, nombre, apellidos, email, fecha_nacimiento) values (5, 'Teri', 'O''Shevlan', 'toshevlan4@archive.org', '1978-07-12');
insert into alumno (id, nombre, apellidos, email, fecha_nacimiento) values (6, 'Tansy', 'Askem', 'taskem5@free.fr', '1924-07-24');
insert into alumno (id, nombre, apellidos, email, fecha_nacimiento) values (7, 'Meredeth', 'Roscrigg', 'mroscrigg6@list-manage.com', '1962-04-16');
insert into alumno (id, nombre, apellidos, email, fecha_nacimiento) values (8, 'Tore', 'Blackett', 'tblackett7@npr.org', '1991-04-15');
insert into alumno (id, nombre, apellidos, email, fecha_nacimiento) values (9, 'Karissa', 'Brabyn', 'kbrabyn8@hatena.ne.jp', '1988-03-04');
insert into alumno (id, nombre, apellidos, email, fecha_nacimiento) values (10, 'Beverlee', 'Huzzey', 'bhuzzey9@cbsnews.com', '1984-08-22');
insert into alumno (id, nombre, apellidos, email, fecha_nacimiento) values (11, 'Rosemaria', 'Curro', 'rcurroa@patch.com', '1936-01-30');
insert into alumno (id, nombre, apellidos, email, fecha_nacimiento) values (12, 'Cori', 'Geraudy', 'cgeraudyb@eepurl.com', '1960-05-22');
insert into alumno (id, nombre, apellidos, email, fecha_nacimiento) values (13, 'Leslie', 'Middiff', 'lmiddiffc@eepurl.com', '1990-01-17');
insert into alumno (id, nombre, apellidos, email, fecha_nacimiento) values (14, 'Louisette', 'Beaumont', 'lbeaumontd@paginegialle.it', '1964-12-24');
insert into alumno (id, nombre, apellidos, email, fecha_nacimiento) values (15, 'Fallon', 'Ottewill', 'fottewille@examiner.com', '1953-07-15');
insert into alumno (id, nombre, apellidos, email, fecha_nacimiento) values (16, 'Deena', 'Caldecutt', 'dcaldecuttf@hibu.com', '1971-11-30');
insert into alumno (id, nombre, apellidos, email, fecha_nacimiento) values (17, 'Casper', 'Pulbrook', 'cpulbrookg@businesswire.com', '1972-01-15');
insert into alumno (id, nombre, apellidos, email, fecha_nacimiento) values (18, 'Raynor', 'Dabernott', 'rdabernotth@answers.com', '1900-12-26');
insert into alumno (id, nombre, apellidos, email, fecha_nacimiento) values (19, 'Doy', 'Cotgrave', 'dcotgravei@bandcamp.com', '1923-05-28');
insert into alumno (id, nombre, apellidos, email, fecha_nacimiento) values (20, 'Tanney', 'Harber', 'tharberj@cnbc.com', '1917-05-05');
insert into alumno (id, nombre, apellidos, email, fecha_nacimiento) values (21, 'Skippie', 'Bulleyn', 'sbulleynk@fotki.com', '1961-05-30');
insert into alumno (id, nombre, apellidos, email, fecha_nacimiento) values (22, 'Chryste', 'Concannon', 'cconcannonl@is.gd', '1924-01-06');
insert into alumno (id, nombre, apellidos, email, fecha_nacimiento) values (23, 'Kristofer', 'Vignal', 'kvignalm@mit.edu', '1948-11-02');
insert into alumno (id, nombre, apellidos, email, fecha_nacimiento) values (24, 'Annelise', 'Haxby', 'ahaxbyn@eepurl.com', '1932-01-07');
insert into alumno (id, nombre, apellidos, email, fecha_nacimiento) values (25, 'Vicky', 'Baily', 'vbailyo@newyorker.com', '2001-03-22');
insert into alumno (id, nombre, apellidos, email, fecha_nacimiento) values (26, 'Dulcie', 'Chatelot', 'dchatelotp@behance.net', '1904-12-26');
insert into alumno (id, nombre, apellidos, email, fecha_nacimiento) values (27, 'Aguie', 'Smitheman', 'asmithemanq@jigsy.com', '1999-01-29');
insert into alumno (id, nombre, apellidos, email, fecha_nacimiento) values (28, 'Benni', 'Ellick', 'bellickr@comsenz.com', '1927-02-18');
insert into alumno (id, nombre, apellidos, email, fecha_nacimiento) values (29, 'Hewe', 'Lapworth', 'hlapworths@blogs.com', '1979-03-25');
insert into alumno (id, nombre, apellidos, email, fecha_nacimiento) values (30, 'Ulrich', 'Echalier', 'uechaliert@yellowbook.com', '1940-08-23');
insert into alumno (id, nombre, apellidos, email, fecha_nacimiento) values (31, 'Jillane', 'Taffs', 'jtaffsu@flickr.com', '1986-05-18');
insert into alumno (id, nombre, apellidos, email, fecha_nacimiento) values (32, 'Tersina', 'Lambotin', 'tlambotinv@usda.gov', '1960-07-17');
insert into alumno (id, nombre, apellidos, email, fecha_nacimiento) values (33, 'Johann', 'McMonies', 'jmcmoniesw@sina.com.cn', '1928-10-19');
insert into alumno (id, nombre, apellidos, email, fecha_nacimiento) values (34, 'Jennica', 'Gergolet', 'jgergoletx@elegantthemes.com', '1972-06-28');
insert into alumno (id, nombre, apellidos, email, fecha_nacimiento) values (35, 'Christiana', 'Snawdon', 'csnawdony@liveinternet.ru', '1934-04-02');
insert into alumno (id, nombre, apellidos, email, fecha_nacimiento) values (36, 'Abbie', 'Llorente', 'allorentez@irs.gov', '1921-11-11');
insert into alumno (id, nombre, apellidos, email, fecha_nacimiento) values (37, 'Yorgo', 'M''Quharg', 'ymquharg10@nbcnews.com', '1932-02-28');
insert into alumno (id, nombre, apellidos, email, fecha_nacimiento) values (38, 'Nolan', 'Ebbs', 'nebbs11@deliciousdays.com', '1918-04-22');
insert into alumno (id, nombre, apellidos, email, fecha_nacimiento) values (39, 'Hanny', 'O''Bradane', 'hobradane12@globo.com', '1940-10-28');
insert into alumno (id, nombre, apellidos, email, fecha_nacimiento) values (40, 'Shadow', 'Archbould', 'sarchbould13@etsy.com', '2000-08-01');
insert into alumno (id, nombre, apellidos, email, fecha_nacimiento) values (41, 'Jaclin', 'Methringham', 'jmethringham14@virginia.edu', '1948-03-07');
insert into alumno (id, nombre, apellidos, email, fecha_nacimiento) values (42, 'Dianemarie', 'Ansill', 'dansill15@upenn.edu', '1916-11-18');
insert into alumno (id, nombre, apellidos, email, fecha_nacimiento) values (43, 'Maressa', 'Aprahamian', 'maprahamian16@slideshare.net', '1905-11-08');
insert into alumno (id, nombre, apellidos, email, fecha_nacimiento) values (44, 'Johnette', 'Heady', 'jheady17@desdev.cn', '1989-09-11');
insert into alumno (id, nombre, apellidos, email, fecha_nacimiento) values (45, 'Cari', 'Girone', 'cgirone18@hao123.com', '2006-05-19');
insert into alumno (id, nombre, apellidos, email, fecha_nacimiento) values (46, 'Kirby', 'Ramsbotham', 'kramsbotham19@fema.gov', '2000-08-13');
insert into alumno (id, nombre, apellidos, email, fecha_nacimiento) values (47, 'Shara', 'MacKettrick', 'smackettrick1a@eventbrite.com', '1900-03-15');
insert into alumno (id, nombre, apellidos, email, fecha_nacimiento) values (48, 'Catherin', 'Chell', 'cchell1b@canalblog.com', '1968-10-14');
insert into alumno (id, nombre, apellidos, email, fecha_nacimiento) values (49, 'Eduard', 'Ludman', 'eludman1c@gov.uk', '1921-01-14');
insert into alumno (id, nombre, apellidos, email, fecha_nacimiento) values (50, 'Lira', 'Lippiatt', 'llippiatt1d@dagondesign.com', '1992-12-22');
insert into alumno (id, nombre, apellidos, email, fecha_nacimiento) values (51, 'Constantine', 'Banyard', 'cbanyard1e@nsw.gov.au', '1971-11-07');
insert into alumno (id, nombre, apellidos, email, fecha_nacimiento) values (52, 'Jayson', 'Mayling', 'jmayling1f@myspace.com', '1992-05-16');
insert into alumno (id, nombre, apellidos, email, fecha_nacimiento) values (53, 'Homerus', 'McCleary', 'hmccleary1g@eventbrite.com', '2004-01-09');
insert into alumno (id, nombre, apellidos, email, fecha_nacimiento) values (54, 'Kori', 'Zannolli', 'kzannolli1h@springer.com', '2005-12-10');
insert into alumno (id, nombre, apellidos, email, fecha_nacimiento) values (55, 'Katee', 'Thomsson', 'kthomsson1i@symantec.com', '1982-11-29');
insert into alumno (id, nombre, apellidos, email, fecha_nacimiento) values (56, 'Vince', 'Klagge', 'vklagge1j@home.pl', '2006-06-10');
insert into alumno (id, nombre, apellidos, email, fecha_nacimiento) values (57, 'Maxie', 'Di Biaggi', 'mdibiaggi1k@desdev.cn', '1996-10-16');
insert into alumno (id, nombre, apellidos, email, fecha_nacimiento) values (58, 'Diahann', 'Ochterlony', 'dochterlony1l@google.com.br', '1915-02-03');
insert into alumno (id, nombre, apellidos, email, fecha_nacimiento) values (59, 'Cassi', 'Francescuccio', 'cfrancescuccio1m@businessweek.com', '1954-11-07');
insert into alumno (id, nombre, apellidos, email, fecha_nacimiento) values (60, 'Jane', 'Pinkstone', 'jpinkstone1n@wired.com', '1918-02-15');
insert into alumno (id, nombre, apellidos, email, fecha_nacimiento) values (61, 'Etta', 'Woliter', 'ewoliter1o@drupal.org', '1907-11-25');
insert into alumno (id, nombre, apellidos, email, fecha_nacimiento) values (62, 'Bianca', 'D''Ambrogi', 'bdambrogi1p@umn.edu', '1985-12-11');
insert into alumno (id, nombre, apellidos, email, fecha_nacimiento) values (63, 'Consolata', 'Ludye', 'cludye1q@miitbeian.gov.cn', '2004-12-10');
insert into alumno (id, nombre, apellidos, email, fecha_nacimiento) values (64, 'Hobie', 'Nolin', 'hnolin1r@blinklist.com', '1978-03-24');
insert into alumno (id, nombre, apellidos, email, fecha_nacimiento) values (65, 'Alfonso', 'Averall', 'aaverall1s@about.com', '1912-04-24');
insert into alumno (id, nombre, apellidos, email, fecha_nacimiento) values (66, 'Elisha', 'Solon', 'esolon1t@prlog.org', '1980-01-15');
insert into alumno (id, nombre, apellidos, email, fecha_nacimiento) values (67, 'Abner', 'Screen', 'ascreen1u@linkedin.com', '1980-12-08');
insert into alumno (id, nombre, apellidos, email, fecha_nacimiento) values (68, 'Nehemiah', 'Selvey', 'nselvey1v@epa.gov', '1995-10-22');
insert into alumno (id, nombre, apellidos, email, fecha_nacimiento) values (69, 'Catherine', 'Veryan', 'cveryan1w@nyu.edu', '2004-11-13');
insert into alumno (id, nombre, apellidos, email, fecha_nacimiento) values (70, 'Ody', 'Huffadine', 'ohuffadine1x@theguardian.com', '1972-10-15');
insert into alumno (id, nombre, apellidos, email, fecha_nacimiento) values (71, 'Chelsy', 'Brucker', 'cbrucker1y@oaic.gov.au', '1997-09-27');
insert into alumno (id, nombre, apellidos, email, fecha_nacimiento) values (72, 'Steffen', 'Stoll', 'sstoll1z@joomla.org', '1992-05-09');
insert into alumno (id, nombre, apellidos, email, fecha_nacimiento) values (73, 'Janene', 'Schachter', 'jschachter20@marketwatch.com', '1922-01-16');
insert into alumno (id, nombre, apellidos, email, fecha_nacimiento) values (74, 'Isadore', 'Swateridge', 'iswateridge21@seattletimes.com', '2005-12-21');
insert into alumno (id, nombre, apellidos, email, fecha_nacimiento) values (75, 'Teodorico', 'Palser', 'tpalser22@java.com', '1955-03-28');
insert into alumno (id, nombre, apellidos, email, fecha_nacimiento) values (76, 'Denyse', 'Kohnert', 'dkohnert23@upenn.edu', '1969-05-19');
insert into alumno (id, nombre, apellidos, email, fecha_nacimiento) values (77, 'Leopold', 'Hort', 'lhort24@flavors.me', '1973-10-27');
insert into alumno (id, nombre, apellidos, email, fecha_nacimiento) values (78, 'Raquel', 'McEwan', 'rmcewan25@blogspot.com', '1925-12-23');
insert into alumno (id, nombre, apellidos, email, fecha_nacimiento) values (79, 'Cecily', 'Fallis', 'cfallis26@senate.gov', '2002-10-22');
insert into alumno (id, nombre, apellidos, email, fecha_nacimiento) values (80, 'Stanislas', 'Djekic', 'sdjekic27@howstuffworks.com', '1955-04-24');
insert into alumno (id, nombre, apellidos, email, fecha_nacimiento) values (81, 'Flori', 'McDonogh', 'fmcdonogh28@about.me', '1967-03-26');
insert into alumno (id, nombre, apellidos, email, fecha_nacimiento) values (82, 'Dehlia', 'Weeks', 'dweeks29@sciencedirect.com', '1913-09-05');
insert into alumno (id, nombre, apellidos, email, fecha_nacimiento) values (83, 'Yancy', 'Redsull', 'yredsull2a@techcrunch.com', '1978-08-25');
insert into alumno (id, nombre, apellidos, email, fecha_nacimiento) values (84, 'Ralf', 'Kuhnke', 'rkuhnke2b@ovh.net', '2007-05-26');
insert into alumno (id, nombre, apellidos, email, fecha_nacimiento) values (85, 'Merv', 'Kegg', 'mkegg2c@mayoclinic.com', '1927-04-12');
insert into alumno (id, nombre, apellidos, email, fecha_nacimiento) values (86, 'Kesley', 'Carmichael', 'kcarmichael2d@rediff.com', '2002-04-09');
insert into alumno (id, nombre, apellidos, email, fecha_nacimiento) values (87, 'Celestyna', 'Bagnold', 'cbagnold2e@noaa.gov', '2005-02-13');
insert into alumno (id, nombre, apellidos, email, fecha_nacimiento) values (88, 'Spike', 'Rawling', 'srawling2f@lulu.com', '1916-07-30');
insert into alumno (id, nombre, apellidos, email, fecha_nacimiento) values (89, 'Sergio', 'Mennithorp', 'smennithorp2g@independent.co.uk', '2003-07-22');
insert into alumno (id, nombre, apellidos, email, fecha_nacimiento) values (90, 'Alidia', 'Rihosek', 'arihosek2h@apache.org', '1911-05-25');
insert into alumno (id, nombre, apellidos, email, fecha_nacimiento) values (91, 'Aluin', 'Shoebotham', 'ashoebotham2i@google.nl', '1969-11-21');
insert into alumno (id, nombre, apellidos, email, fecha_nacimiento) values (92, 'Carolann', 'Trimmell', 'ctrimmell2j@skyrock.com', '1921-08-24');
insert into alumno (id, nombre, apellidos, email, fecha_nacimiento) values (93, 'Joseito', 'Loghan', 'jloghan2k@wikia.com', '1979-06-24');
insert into alumno (id, nombre, apellidos, email, fecha_nacimiento) values (94, 'Claude', 'Manvelle', 'cmanvelle2l@disqus.com', '1962-02-09');
insert into alumno (id, nombre, apellidos, email, fecha_nacimiento) values (95, 'Donetta', 'Relfe', 'drelfe2m@sakura.ne.jp', '1928-07-22');
insert into alumno (id, nombre, apellidos, email, fecha_nacimiento) values (96, 'Heinrik', 'Dradey', 'hdradey2n@constantcontact.com', '2009-11-01');
insert into alumno (id, nombre, apellidos, email, fecha_nacimiento) values (97, 'Evangelin', 'Neeson', 'eneeson2o@google.de', '1956-10-03');
insert into alumno (id, nombre, apellidos, email, fecha_nacimiento) values (98, 'Sileas', 'Stowers', 'sstowers2p@nyu.edu', '1944-11-27');
insert into alumno (id, nombre, apellidos, email, fecha_nacimiento) values (99, 'Roderick', 'Hartley', 'rhartley2q@ca.gov', '1977-10-16');
insert into alumno (id, nombre, apellidos, email, fecha_nacimiento) values (100, 'Christoforo', 'Trineman', 'ctrineman2r@mail.ru', '1972-05-24');


insert into referente_evaluacion (asignatura_id, cod_referente, descripcion) values (1, 'ADRA01.a','Sabe programar');
insert into referente_evaluacion (asignatura_id, cod_referente, descripcion) values (1, 'ADRA01.b','Lambdas y streams');
insert into referente_evaluacion (asignatura_id, cod_referente, descripcion) values (1, 'ADRA01.c','Consultas SQL');

insert into instrumento (id, nombre, asignatura_id) values (1, 'Examen sorpresa', 1);
insert into instrumento (id, nombre, asignatura_id) values (2, 'Proyecto', 1);

insert into instrumento_referentes (instrumento_id, referentes_asignatura_id, referentes_cod_referente) values (1, 1, 'ADRA01.a');
insert into instrumento_referentes (instrumento_id, referentes_asignatura_id, referentes_cod_referente) values (1, 1, 'ADRA01.b');
insert into instrumento_referentes (instrumento_id, referentes_asignatura_id, referentes_cod_referente) values (1, 1, 'ADRA01.c');

insert into instrumento_referentes (instrumento_id, referentes_asignatura_id, referentes_cod_referente) values (2, 1, 'ADRA01.a');
insert into instrumento_referentes (instrumento_id, referentes_asignatura_id, referentes_cod_referente) values (2, 1, 'ADRA01.b');
insert into instrumento_referentes (instrumento_id, referentes_asignatura_id, referentes_cod_referente) values (2, 1, 'ADRA01.c');


insert into calificacion (id, alumno_id, instrumento_id, referente_asignatura_id, referente_cod_referente, calificacion) values (1, 1, 1, 1, 'ADRA01.a', 6.5);
insert into calificacion (id, alumno_id, instrumento_id, referente_asignatura_id, referente_cod_referente, calificacion) values (2, 1, 1, 1, 'ADRA01.b', 7.8);
insert into calificacion (id, alumno_id, instrumento_id, referente_asignatura_id, referente_cod_referente, calificacion) values (3, 1, 1, 1, 'ADRA01.c', 4.6);

insert into calificacion (id, alumno_id, instrumento_id, referente_asignatura_id, referente_cod_referente, calificacion) values (4, 2, 1, 1, 'ADRA01.a', 2.3);
insert into calificacion (id, alumno_id, instrumento_id, referente_asignatura_id, referente_cod_referente, calificacion) values (5, 2, 1, 1, 'ADRA01.b', 3.2);
insert into calificacion (id, alumno_id, instrumento_id, referente_asignatura_id, referente_cod_referente, calificacion) values (6, 2, 1, 1, 'ADRA01.c', 1.5);

insert into calificacion (id, alumno_id, instrumento_id, referente_asignatura_id, referente_cod_referente, calificacion) values (7, 1, 2, 1, 'ADRA01.a', 10);
insert into calificacion (id, alumno_id, instrumento_id, referente_asignatura_id, referente_cod_referente, calificacion) values (8, 1, 2, 1, 'ADRA01.b', 9.6);
insert into calificacion (id, alumno_id, instrumento_id, referente_asignatura_id, referente_cod_referente, calificacion) values (9, 1, 2, 1, 'ADRA01.c', 3.4);

insert into calificacion (id, alumno_id, instrumento_id, referente_asignatura_id, referente_cod_referente, calificacion) values (10, 2, 2, 1, 'ADRA01.a', 1.2);
insert into calificacion (id, alumno_id, instrumento_id, referente_asignatura_id, referente_cod_referente, calificacion) values (11, 2, 2, 1, 'ADRA01.b', 2.25);
insert into calificacion (id, alumno_id, instrumento_id, referente_asignatura_id, referente_cod_referente, calificacion) values (12, 2, 2, 1, 'ADRA01.c', 10);
